text,label,notes,source_type,source_permalink,created_utc
"""and really should have scored"" But they didn't. ""Had they not gotten the stupid red + pen, they’d still be in it, even 0-2 down."" It was 95% a goal if Hojlund wasn't taken down, but yes I agree without the red it could've been different. ""I’m sure Athletic with their best XI (and no stupid brainfarts) would give United a game."" Such a moronically poor take. without brainfarts and injury UTD would be top 3. Their XG is reasonable across 24/25",analysis,,comment,https://old.reddit.com/r/soccer/comments/1koc413/postmatch_thread_chelsea_10_manchester_united/msrp0r6/,1747474790
">add onto that Yamal's playing with another Balon Do'r contender and 40 goal scoring Lewandowski while Salah's is trying to pull Jota and Nunez's corpses through the finish line. Salah is otherworldly and leads the prem in xG+xA per 90 @0.92 per 90, Isak and Haaland are on 0.8 per 90 in 2nd and 3rd. Jota is 7th at 0.67 and Diaz is 10th at 0.61, they're not as bad as you think. Newcastle are the only other team with two active players in the top 10. (Duran and Watkins are in the top 10) I could be wrong but I think your fanbase generally underates your attack and overates your midfield.",analysis,,comment,https://old.reddit.com/r/soccer/comments/1kn63re/squawka_most_big_chances_created_from_openplay_in/msgywbt/,1747325635
">routinely overperforming his xG while Kudus underperformed his In one season at 22 years old? I'm not going to condemn him based on that no. You obviously aren't interested in being convinced. You will see that he's an excellent player once he moves (unless he goes to Saudi because then who cares). He is just about the best player in the world for carrying/take-ons and an excellent goal scorer, huge asset to whoever gets him.",analysis,,comment,https://old.reddit.com/r/soccer/comments/1kmr4wk/fabrizio_romano_sérgio_conceiçãos_chapter_at_ac/mseejcf/,1747285328
">Their shooting numbers: >Lamine Yamal took more shots/90 at 4.39 than Vini's 3.13. >Vini overperformed his npG-xG by +1.0, while Lamine Yamal underperformed his npG-xG by -2.1 I'm not sure we'll have another Messi for a few generations. People compare Yamal to Messi but he was an scorer and finisher not just an ungodly playmaker. In terms of style, Lamine reminds of Mahrez but with far more talent. They both have an incredible first touch and a feathery touch when carrying the ball. I think the best forwards today have Neymar level potential.",analysis,,comment,https://old.reddit.com/r/soccer/comments/1kn7mbg/daily_discussion/mshybl7/,1747335981
"A team that sits back and only concedes long shot will have a keeper that will wildly overperform xGOT, a team that is always in opposition box and concedes a number of high quality chances the keeper will struggle to save these better chances. Donnarumma can't farm low xG shots because other teams don't take them, so he only faces high xG chances (like yesterday where his only shot on target conceded is the goal from a 1 on 1) compared to Leon yesterday who had a block of 9 players in front of him so he had much easier saves. Donnarumma wildly underperforms in this stat yesterday because Auxerre had one real chance and scored it, and played with 9 men in the box as most teams do against PSG.",analysis,,comment,https://old.reddit.com/r/soccer/comments/1kp82m6/fotmobtop_10_best_ligue_1_goalkeepers_in_the/msx83il/,1747555233
"Against West Ham is not the best example but compared to last season when we were being bombarded with shots and couldn’t get out of our half, in most of last matches we dominated and ended up with a higher XG. The difference was made in the fact that we don’t have a similar profile to Garnacho who can run in behind and is fast and while he got every match at least 2 big scoring opportunities, most of them were missed. All this while the opposition managed to score from their first shot because of a misplaced pass.",analysis,,comment,https://old.reddit.com/r/soccer/comments/1klhsgm/manchester_united_intend_to_keep_amorim_even_if/ms2k472/,1747134130
"And there’s always a million Argentinians ready to jump on even the mildest criticism of a very average keeper. Bonnou and Livakovic both had less goals conceded, better saves per Xg, more crosses claimed. It’s all here [Almost every stat Morroco and Croatia come out higher than Argentina.](https://fbref.com/en/comps/1/keepersadv/World-Cup-Stats)",analysis,,comment,https://old.reddit.com/r/soccer/comments/1kof9kv/emi_martinez_waving_to_the_villa_park_crowd_with/mst4miz/,1747496701
"Antony had always solid workrate in United. He just wasn't able to provide goals and assist as expected (as basically every other player in that team). I guess majority of United fanbase is happy for him, just because he's never became clown like Ronaldo with his interview, Rashford with his training attitude, Sancho and others. On other side, watching few games that Betis played in La Liga, Prem is on another level, I guess he would have hard time in basically every other Prem team, not just United. So for him, La Liga is the best option and if it will be in Betis, Barca or Las Palmas i don't care. Wish him only the best.",analysis,Borderline hot_take/analysis: labeled analysis because it gives specific soccer reasoning or evidence.,comment,https://old.reddit.com/r/soccer/comments/1kjwq1m/romario_sharing_his_best_el_clasico_memory_with/mrqsbc1/,1746969022
"Are you saying they only attacked twice? Because that's how many big chances Inter created from open play in the regular time of the second leg. Their third goal was off a foul on Martin so I don't count it. In the first leg they basically had one big chance from open play and two from corners. Offsides don't count. Also if we expected all big chances to go in, Barcelona would've scored 2 extra goals off Sommer not saving Yamal's curler and the tap in he saved. Give Sommer to Barcelona and we win by 2-3 goals. Give Tek to Inter and we also win by 2-3 goals.",analysis,,comment,https://old.reddit.com/r/soccer/comments/1kprrhq/fotmob_villareal_managed_to_score_3_goals_against/mt0fyk0/,1747600294
Bringing up the liverpool tie is hilarious because if it weren’t for him we are not winning that first leg. Also mags wanst on goal vs inter. And barca gave ul 2 one on ones vs inter which sommer isn’t saving he also isnt saving the 3rd goal because he’s like 183 cm tall and he definitely isnt savibg the 4th goal. Sommer is playing for a defensive side which blocks of angles to the goal and leads to easier saves check the xg.,analysis,,comment,https://old.reddit.com/r/soccer/comments/1kpqi4t/barcelona_2_2_villarreal_santi_comesaña_51/mt05yp3/,1747597080
"Courtois made 21 saves against Liverpool in the final... Also most possession based systems rely on outperforming xG, as the logic it to create so many chances that you score a few of them. Counter attacking based systems rely on xG, as the goal is to create a few but high quality chances and convert most of them.",analysis,,comment,https://old.reddit.com/r/soccer/comments/1kpr6pc/barcelona_2_3_villarreal_tajon_buchanan_80/mt071mw/,1747597434
"de bruyne having more weak foot goals, far more goals outside the box and a far better track record against his xG is not subjective. the only area where bruno does better is with penalties. that’s genuinely it. however i guess i could also say nunez is a better ball striker than messi despite all the evidence to the contrary.",analysis,,comment,https://old.reddit.com/r/soccer/comments/1ko9qom/bruno_fernandes_is_2nd_in_the_league_for_ga_while/mspq3yb/,1747439979
"Despite lower amount of saves to what you've mentioned, he actually overperform his expected goals conceded, last time it was something around 19 goals conceded to 21 expected. He has as well 7 clean sheets which place him in top 10 of La Liga.",analysis,,comment,https://old.reddit.com/r/soccer/comments/1kj9g2q/hansi_flick_on_szczesny_compared_to_lewandowski/mrl4na7/,1746884110
"Espanyol playing with my heart so far with some good chances. Ahead on xG at halftime, but I know they will destroy this tiny bit of hope they've given me in the second half.",analysis,,comment,https://old.reddit.com/r/soccer/comments/1knh2wd/match_thread_espanyol_vs_barcelona_laliga/msiek41/,1747340751
"Even with it being a home fixture, Everton at home is exactly the kind of match that Newcastle specialise in getting 0-0'd from an xG of 2-3+. That they have Pickford in goal is just a bonus layer of fuck you that I'm expecting to happen",analysis,,comment,https://old.reddit.com/r/soccer/comments/1kppelf/post_match_thread_arsenal_10_newcastle_united/mt0q4cn/,1747603527
"every shot on goal has an xg, which is a number from 0.1 to 0.99 that basically means how likely someone is to score from a shot. So for example if I take 2 shots that have a 33% chance of being scored according to the calculations then my xg would be 0.66. The xg there is the total xg for each side for the entire match. So for example, the combined xg of all of hamburgs chances means they were expected to score 2 goals this match",analysis,,comment,https://old.reddit.com/r/soccer/comments/1kjjp48/hamburg_vs_ulm_xgoals/mrn8n76/,1746909644
"funny thing is that measured by xG, this *was* actually a much worse season for him compared to last season and still somewhat underwhelming compared to the rest of his career. For reference, as of last week he was at -1.2 xG (20 goals with 21.2 xG) while last season he was at +7.2 xG. The last time he underperformed his xG was 18/19 when he only scored 3 goals in 13 matches with an xG of 4.1",analysis,,comment,https://old.reddit.com/r/soccer/comments/1kovxg4/bundesliga_top_goalscorers_202425/mstrn1i/,1747504070
"Gakpo had 21 g/a in 14 games that season before joining Liverpool in the winter. Kudus didn’t come close to that in a full season. Do you really think that Gakpo routinely overperforming his xG while Kudus underperformed his is a point against him? Might as well make a case for Nuñez if you’re an xG merchant. Also we saw them in similar teams over there, they finished six points apart. I can also say that Gakpo is 1,93m, physically imposing and a threat in the air.",analysis,Borderline hot_take/analysis: labeled analysis because it gives specific soccer reasoning or evidence.,comment,https://old.reddit.com/r/soccer/comments/1kmr4wk/fabrizio_romano_sérgio_conceiçãos_chapter_at_ac/msedj6d/,1747284835
He takes a lot of low xG shots from outside the box tbf. If he starts to get himself in a better shooting position closer to the goal that alone would make his goalscoring improve,analysis,,comment,https://old.reddit.com/r/soccer/comments/1knitfr/espanyol_0_1_barcelona_lamine_yamal_53_great_goal/msimgpe/,1747343052
"He’s underperforming his xG this season as well, while Gakpo overperforms his again. I don’t have anything against Kudus, he’s a great player to watch. I just wouldn’t take him over Gakpo and I think there’s a reason why he ended up at West Ham in the first place. I’ve heard as much about his work rate and pressing from your fan base as well. Doku is even better than Kudus in terms of dribbling statistically and I wouldn’t take him over Gakpo either.",analysis,,comment,https://old.reddit.com/r/soccer/comments/1kmr4wk/fabrizio_romano_sérgio_conceiçãos_chapter_at_ac/msegg92/,1747286293
Honestly our attackers have missed 20+ easy goals in the premier league from my memory alone. I'd love to see the chances over a certain xG and how many we've missed.,analysis,,comment,https://old.reddit.com/r/soccer/comments/1kmnone/espn_ruben_amorim_says_he_is_far_from_quitting_as/msbtqre/,1747252534
"I agree but if he continuously over emphasizes play making and has had this issue of bajillion xG and bajillion shots on goal for the past decade, it's a little bit on him too.",analysis,,comment,https://old.reddit.com/r/soccer/comments/1koyj11/an_unhappy_pep_guardiola_has_a_few_words_with/mstu5bh/,1747504870
"I can't believe that Barça fans expected us to defend for more than 180 minutes as if we were Allegri's Juve, we are just able to play without the ball when necessary (and against Barcelona everyone, except maybe Bayern, is forced to do so), but we know how to play football incredibly well, especially in open spaces. Only in the first half of Mondjuic we were struggling so much that we couldn't play our football (and we still scored 2 goals)",analysis,,comment,https://old.reddit.com/r/soccer/comments/1kggjmj/inter_milan_have_advanced_to_their_second/mqz36lk/,1746573692
"I don't know why that's relevant because I was just replying to this comment claiming Southampton played like peak Barca. But yeah, if I remember the numbers correctly for the whole Amorims tenure in PL United has 30 xG and 36 xGA with 28 goals scored and 40 conceded.",analysis,,comment,https://old.reddit.com/r/soccer/comments/1kocc87/squawka_two_more_unwanted_records_for_manchester/msq0f9j/,1747443884
"I don't think people realize, this is RvP's tally counting perhaps two seasons worth of games missed from injury over 10 years. Injury free Robin - well actually I've always expected that if he wasn't so injury prone in the 2000s that he would have left for a real Madrid during their Dutch phase - but Robin that spends a decade in the premier League uninjured, he easily enters the top five goal scorers of the premier League of all time. The only seasons he was never injured he scored 30 goals in each, there's no evidence pointed to doubting this.",analysis,,comment,https://old.reddit.com/r/soccer/comments/1kpx5ev/jamie_vardy_has_surpassed_robin_van_persie_in/mt2stxw/,1747633410
"I interpret them as ""possession means fuck all if you don't do anything with it"" and ""xG means fuck all if you don't actually score"". People need to stop acting as if they're the most important stats because they're not. The most important stats are goals and assists, always have been and always will be.",analysis,,comment,https://old.reddit.com/r/soccer/comments/1koqb7h/daily_discussion/msu1l6f/,1747507354
"I know we're joking, but if there was a method of quickly finding the xG of that chance and having hard data define if its denying a clear goalscoring opportunity, I'm all for it. We all know the ref's just did it on vibes though.",analysis,,comment,https://old.reddit.com/r/soccer/comments/1kpgw0q/dale_johnson_fa_cup_var_review_there_have_been/msxv2v4/,1747568894
"I love how it's never city's fault. It's always ""oh they didn't come here to have their starting XI all bomb forward while being 1-0 up"" or ""that one call decided the outcome of the game"" Suck it up pep, with an xG of 2.30, 23 shots and 6 on target, that's on the team.",analysis,,comment,https://old.reddit.com/r/soccer/comments/1koyj11/an_unhappy_pep_guardiola_has_a_few_words_with/msu1mgx/,1747507366
"I mean we have one of the best defensive records in the league despite sanchez best efforts, and have massively underperformed our XG, while im not his biggest fan, I would keep him, who else is there anyway?",analysis,,comment,https://old.reddit.com/r/soccer/comments/1koc413/postmatch_thread_chelsea_10_manchester_united/msp2pxm/,1747431056
"I mean while they did outperform their expected points, this table clearly also shows that they also conceded many more goals than they were expected to, if you were referring to the goal difference as a point against it. I know Streich got people used to Freiburg punching above their weight but it's still a top achievement for a club with their resources",analysis,,comment,https://old.reddit.com/r/soccer/comments/1kowp6r/bundesliga_202425_xg_table/mstcdwq/,1747499216
"I mean, I thought Palace were reasonably comfortable to be honest, at least in the second half, and executed their game-plan brilliantly. They were never going to out-pass and out-attempt City, so judging a game like this by possession and xG is useless.",analysis,Borderline hot_take/analysis: labeled analysis because it gives specific soccer reasoning or evidence.,comment,https://old.reddit.com/r/soccer/comments/1koqb7h/daily_discussion/msu6fvl/,1747508996
I'd like to know too. I think I read that even if a chance has no xG it can still be a big chance. For example when someone is through one on one but the defender recovers to make a tackle before the shot is taken.,analysis,,comment,https://old.reddit.com/r/soccer/comments/1kn63re/squawka_most_big_chances_created_from_openplay_in/msfouun/,1747310895
"i’ll give them to you 14 outside the box for bruno versus 30 for KDB 5 goals with his left foot for bruno versus 23 for KDB npg-xg by season: - KDB: 17/18 + 2.9, 18/19 +0.6, 19/20 +5.2, 20/21 - 2.9, 21/22 +9.3(!!!!!!), 22/23 +1.4, 23/24 +1.6, 24/5 -0.2 **TOTAL: +17.9** - bruno: 19/20 +1.0, 20/21 +0.8, 21/22 +1.9, 22/23 -1.7, 23/24 -0.1, 24/25 -2.2 **TOTAL: -0.3** none of this has anything to do with teammates. de bruyne is just a fundamentally much better player. KDB is obviously a far better playmaker as well but that’s got nothing to do with the current conversation bruno is a better penalty taker though!",analysis,,comment,https://old.reddit.com/r/soccer/comments/1ko9qom/bruno_fernandes_is_2nd_in_the_league_for_ga_while/msptqsf/,1747441352
"I'll give you the third as savable but it's still quite a high xG on shot i mentioned the three touches because it encapsulates how much time the guy had to aim and shoot, which points to the real issue on that goal, him not being properly marked by a defender",analysis,,comment,https://old.reddit.com/r/soccer/comments/1kprrhq/fotmob_villareal_managed_to_score_3_goals_against/mt3jrxo/,1747649959
"I'm just commenting on the fact that what he has achieved outside of the CL will be basically irrelevant for most voters. If he goes and scores two goals against Reims in the domestic cup final, it's not going to make waves because nobody is watching. PSG have won 34 of the 43 domestic trophies available since 2013. They have on multiple occasions completed a domestic treble, and nobody cared. It's the minimum that's expected of that club. The only time people pay attention to Ligue 1 is when PSG aren't winning. So Dembele's argument will be his Champions League performances. He isn't the clear standout in that regard.",analysis,,comment,https://old.reddit.com/r/soccer/comments/1kimops/ballon_dor_odds_dembélé_lautaro_raphinha_salah/mrhggoc/,1746824575
"I'm not claiming these are metrics to decide that Arsenal are the best team in the CL. I'm just giving my perspective as to why Arteta believes they were. As far as some of the stats in the second leg; Arsenak had 19 shots to PSG's 11, had 55 per cent of possession, and had an xG of 3.2 to PSG's 1.7. That's the sort of things he's probably thinking about when he said it. He reckons that we failed to go through because Donnarumma had 2 outstanding games. Ultimately though football can't be distilled down to stats and metrics, some of it is gut feeling and belief. If Arteta says he feels we were the best team in the CL then I believe he really thinks so.",analysis,,comment,https://old.reddit.com/r/soccer/comments/1kkw7jh/daily_discussion/mrya68k/,1747072892
If the system is to outperform the xg every time than that’s a flaws system. Donarumma had a much better defense in front of him same goes for cortuis. Madrid are winning the cl only in the years their defense is actually good look at this year cortuis was great but madrid had a really poor defense so they got knocked out. A keeper can fix some holes in a defense but he cannot just make a bad defense work. And that’s what barca has a bad defense.,analysis,,comment,https://old.reddit.com/r/soccer/comments/1kpr6pc/barcelona_2_3_villarreal_tajon_buchanan_80/mt06p13/,1747597319
"It's not like we perform like 15th team, we had more XG than Opposition in lot of matches. If we add competetent forward and finish most of our chance that's alone is enough for us to finish 8th position or more.",analysis,,comment,https://old.reddit.com/r/soccer/comments/1koiimi/optajoe_092_ruben_amorim_has_won_24_points_in_26/msrjc7e/,1747471072
"literally what suggests this? KDB has overperformed his xG in 8/10 seasons with city including by +9.3 in 21/22 and +5.7 in 19/20. additionally, 1 of those seasons where he underperformed is this season where he’s -0.2, so he could very well overperform in 9/10 seasons. bruno OTOH has underperformed in 3/10 season and his biggest over performance is +1.8. he has 30 goals from outside the box to bruno’s 14. his weak foot is obviously better. it is lunacy to suggest it’s just the system that cause de bruyne to score more than him.",analysis,,comment,https://old.reddit.com/r/soccer/comments/1ko9qom/bruno_fernandes_is_2nd_in_the_league_for_ga_while/mspaeif/,1747433640
"Our xG i dont even think shows that we're *that* much underperforming, even though it feels it. Some of the sitters we've had are 0xG cause there's not even been a shot",analysis,,comment,https://old.reddit.com/r/soccer/comments/1kmnone/espn_ruben_amorim_says_he_is_far_from_quitting_as/msbu2fx/,1747252629
"Real Madrid absolutely cared. You can say many things about them, but they tried everything up their sleeve: long shots, lay-offs, crosses, dribbles... You name it. The ball just wouldn't go in, and their absurd shot numbers and xG show it.",analysis,,comment,https://old.reddit.com/r/soccer/comments/1kmr0zp/post_match_thread_real_madrid_21_mallorca_laliga/mscdke0/,1747258540
Ten Hag didn't have a great hand at his disposal but I don't think he should be completely exonerated from crisisism because of that. His tactics were suicidal and in the xg table we finished last season in a similar position to our actual position this season. I don't think that means he will be a bad Leverkusen coach but even with the two trophies his stint at United was a disaster and I don't think I have seen many teams at tactically naive and mentally fragile as that one.,analysis,Borderline hot_take/analysis: labeled analysis because it gives specific soccer reasoning or evidence.,comment,https://old.reddit.com/r/soccer/comments/1kmfa7n/whitwell_erik_ten_hag_former_manchester_united/msbu994/,1747252682
That's because they don't consider the game state. Palace scored early from a low xG shot and chose to sit back for the rest of the game. City would naturally have more possession and get off more shots leading to a higher xG,analysis,,comment,https://old.reddit.com/r/soccer/comments/1koqb7h/daily_discussion/msu0oom/,1747507050
"that's funny and all but the xG was like, 3 to 0.5, they literally had one counter in the whole match and scored from it. like I get that everyone has to find meaning and reasons for everything that ever happens because that's our nature as human beings but sometimes things just go your way",analysis,,comment,https://old.reddit.com/r/soccer/comments/1koznj0/crystal_palace_we_warned_you/mt0r1vw/,1747603837
"That's not really true, many many games your xg was less than 1.0. Has improved in the last few months, but still brutal. Your xg for the season is still firmly bottom half. 12th in xg and 14th in xga",analysis,,comment,https://old.reddit.com/r/soccer/comments/1koiimi/optajoe_092_ruben_amorim_has_won_24_points_in_26/mss30r2/,1747482682
"That's not true. xG doesn't tell the whole story. Barca hit the post at least 4 times from what I can remember and there were 2 shots only Sommer or Courtois would save. 2 of the goals Tek conceded in the first leg, Sommer would've saved (the corner goal where he was mispositioned and the 1-on-1), and the 4th goal in the second leg was a foul.",analysis,,comment,https://old.reddit.com/r/soccer/comments/1kpr6pc/barcelona_2_3_villarreal_tajon_buchanan_80/mszyqfu/,1747594731
"The Inter defense was dramatically overperforming their expected goals allowed. It was moving towards the mean to be punished more frequently like they were by Barca, even if some of the goals were a bit unexpected, like the crossbar to the back of the head own goal. I think Arsenal have the most consistently solid defense in Europe (and that's been the case for the last 3 seasons). I can get behind the ""switching off"" argument for the start of the second leg, but Dortmund scored early and put the pressure on. They technically scored the 4 goals they needed, but one was against themselves.",analysis,,comment,https://old.reddit.com/r/soccer/comments/1kkw7jh/daily_discussion/ms3dm2d/,1747145218
The xg also takes into account the shots that hit the post and the reality is some of the shots barca had were not that high quality meanwhile inter had an open goal and a penalty and a goal from point like 5 meters out.,analysis,,comment,https://old.reddit.com/r/soccer/comments/1kpr6pc/barcelona_2_3_villarreal_tajon_buchanan_80/mszzl5f/,1747595005
Their shots were much bigger quality than barcas. Like xg was similar but barca bad twice the shots. You are not winning the cl with letting inter have 3 one on ones,analysis,,comment,https://old.reddit.com/r/soccer/comments/1kpr6pc/barcelona_2_3_villarreal_tajon_buchanan_80/mszxt7p/,1747594435
"This Arteta’s game plan would work if they actually had decent goal scorers in attack and a focal point striker. When your goals have mostly been coming from midfield, I’d have expected a different game plan. They’re quite susceptible to PSG counter attacks and now they need to a score 3 goals, not even 2. I honestly don’t get it",analysis,,comment,https://old.reddit.com/r/soccer/comments/1kh4sta/match_thread_psg_vs_arsenal_uefa_champions_league/mr4ez2f/,1746647283
"This is the first time since the start of the season that Mbappé is leading after a matchday, really surprising considering how everyone expected him to run away with it when he signed. Props to him though, he was 9 goals behind Lewandowski at one point.",analysis,,comment,https://old.reddit.com/r/soccer/comments/1kkbwb6/la_liga_pichichi_race_after_matchday_35/mrtbgl9/,1746999086
"This match is crazy low on quality. And Chelsea are the worst side of the two. There's absolutely no other plan than playing it to the wingers who lose it while dribling into the abyss, pass it backwards for the whole process to start over or crossing it in the hopes Cucurella suddenly beating Maguire on a header. Marescas tactics have been dire for 3/4-parts of the season. Lol. As I'm typing this Cucurella scores a header. Fuck me. However, the point still stands. I don't imagine xG is much above 0.5.",analysis,Borderline hot_take/analysis: labeled analysis because it gives specific soccer reasoning or evidence.,comment,https://old.reddit.com/r/soccer/comments/1ko8vth/match_thread_chelsea_vs_manchester_united_premier/msouoyd/,1747428544
"Those long shots will have low xG, so they wont matter all that much, unless you are facing dozen a game. Lucas Chevalier has \~0.7 more saves/game, and many more goals prevented, per example. And Lille is hardly a team that sits back (3rd in possesion%). A shot from 30 meters and a shot from 3 meters dont carry the same xG. If you save 1v1s at an above average rate, you'll have positive PSxG-GoalsAgainst balance, even if your teams mostly only allows 1v1s. Last year, Donnarumma had 10-11 goals prevented. Its okay to admit he had a down year domestically, you can even contribute it to giving 0 fucks, considering the fact that PSG would walk to the title with Andrea Consigli in goal.",analysis,,comment,https://old.reddit.com/r/soccer/comments/1kp82m6/fotmobtop_10_best_ligue_1_goalkeepers_in_the/msxbgrn/,1747557369
"To be fair, we absolutely underperformed at the end. Which puts us at 67 goals from 66.2 xG which is extremely reasonable. You lot however scored 103 goals from 83.7 xG, making you the biggest xG overperformer in the league ;)",analysis,,comment,https://old.reddit.com/r/soccer/comments/1kpl6j6/title_race_in_the_eredivisie_2425_season/mt2unkt/,1747634443
We are tied with Dortmund on points and goal difference in the xG table. Made a huge difference to our season. As bad as our defense has been our offense has been good enough at creating chances to offset that. But our finishing has been woeful.,analysis,,comment,https://old.reddit.com/r/soccer/comments/1kovomw/squawka_serhou_guirassy_is_the_first_ever/mst3wv9/,1747496473
We've (Arsenal) been getting out set-pieced for a while now. The goals in the 2nd half of the season already tell the story but I bet our set piece xG for vs against has been tragic since January too. Makes the outrage over our set pieces early on as if they are literally impossible to defend look extra silly.,analysis,,comment,https://old.reddit.com/r/soccer/comments/1kpgheq/daily_discussion/mszt5hv/,1747592935
What more can Amorim do with: 1. Suspect goalkeeping 2. Non-athletic midfielders 3. Wing backs allergic to crossing 4. Semi-amatuer attackers underperforming xg I am more surprised he is getting up everyday and putting up with this mediocrity.,analysis,,comment,https://old.reddit.com/r/soccer/comments/1kku4rn/manchester_united_the_stats_behind_ruben_amorims/ms0j1vm/,1747098615
"xG is a pre-shot metric, it is taken as the quality of the chance. The goalkeeper has nothing to do with it, it is the defenders or the midfielders that have to prevent shots with high quality.",analysis,,comment,https://old.reddit.com/r/soccer/comments/1kprrhq/fotmob_villareal_managed_to_score_3_goals_against/mt0biqq/,1747598879
"xGoals = Expected goals. It's a stat that basically says ""This shot had x % of going in, based on various factors"". Combine the percentages of each shot, and you get xGoals. That allows team to calculate how many goals were expected to go in. Hamburg scored 6 goals from an xGoals of 2.05, which means that their goals were difficult shots, pretty much. Ulm scored only 1 goal from an xGoals of 2.59. That means that either the Hamburg goalkeeper played well, or Ulm were bad in front of the goal, pretty much.",analysis,,comment,https://old.reddit.com/r/soccer/comments/1kjjp48/hamburg_vs_ulm_xgoals/mrn8vn8/,1746909722
"Yamal is 17. The best 17 year old in the history of football after Pelé and arguably R9. To cap his potential at Neymar's level because he's underperforming his xG as a teenager is ridiculous. Especially when he's got 15 goals this season, which is an amazing return for his age.",analysis,,comment,https://old.reddit.com/r/soccer/comments/1kn7mbg/daily_discussion/msihskg/,1747341685
"Yamal is a touchline winger where he is expected to be the team's primary playmaker and chance creator (where he leads in big chances created in Europe for example) and he falls behind on the order of who should be scoring our goals (ST, LW, CAM, and then RW - Yamal). Raphinha has been absolutely class this season but we've lost every game when Yamal hasn't played which tells you how important he is to our attack and Yamal has been our best big game player this season. Salah has a better argument though since he's been superb this season but lacks those UCL night big game performances like Yamal and Raphinha.",analysis,,comment,https://old.reddit.com/r/soccer/comments/1kn7mbg/daily_discussion/msjauop/,1747351092
Yeah and for a team closing up and playing mainly defensive until counter opportunities they let up 3 goals. With ur right back / left back missing i expected Barca to drop these goals tbh. Knew it’d be a tough/shit match but was hoping to get a better finals,analysis,,comment,https://old.reddit.com/r/soccer/comments/1kggoog/serious_postmatch_thread_inter_milan_43_barcelona/mqyrkaf/,1746569858
"Yeah he started out underperforming his xG, ironically missing a lot of chances created by Vini, which informed two narratives that aren't really holding up at this point. 1. He has since picked up his finishing form and finished well above his xG, which he has done each of the last 7 seasons. 2. He and Vini don't play well together, which while they have missed each other a few times, they've created plenty for each other as well.",analysis,Borderline hot_take/analysis: labeled analysis because it gives specific soccer reasoning or evidence.,comment,https://old.reddit.com/r/soccer/comments/1kmqais/real_madrid_1_1_mallorca_kylian_mbappé_68/msc6ghu/,1747256383
"Yeah I feel you and agree with everything you say. We also had a game vs Leipzig where we really should have won but didnt. Had like 13856136161 xG and mega dominated them, yet didnt win. I think this is shown in that ""xG table"" for this season. Leipzig finished horribly, but are still 3 table positions above where their stats have them. Which is insane.",analysis,Borderline hot_take/analysis: labeled analysis because it gives specific soccer reasoning or evidence.,comment,https://old.reddit.com/r/soccer/comments/1kovomw/squawka_serhou_guirassy_is_the_first_ever/mstvwjp/,1747505444
Yeas but at the end of the game the xg is still higher than the other teams. Do you think man city under pep and prime barca weren’t leading their leagues in xg and xp? The comulative xg is still higher at the end. Pointing to one cortuis performance is not a valid answer because there are plenty of games where he also performs great but madrid loose like this year or 2 years ago or under solari. Barca can not win the cl with only cubarsi and inigo they just cant. Cubarsi has been wank since the inter game and the whole system is getting pulled apart even flick admit it,analysis,,comment,https://old.reddit.com/r/soccer/comments/1kpr6pc/barcelona_2_3_villarreal_tajon_buchanan_80/mt09wyv/,1747598358
"Yes, that's what I'm saying. Barca's players are good enough to outperform their xG with well placed shots. Like a Yamal curler with 3 defenders in front of him has very little xG value, but at this point is a lot more likely to go in than a normal inside the box shot which xG would value more. I consider a low xG shot that hit the post more valuable than a high xG one that was missed. Either way, goalkeeping was clearly the deciding factor for that tie. Sommer had one of the best goalkeeping performances in CL history in the second leg, while Tek was average. Madrid won their recent CLs mostly on Courtois being a god. Until Barcelona can find someone who is 90% as good as him in the big moments, we aren't winning the CL trophy.",analysis,,comment,https://old.reddit.com/r/soccer/comments/1kpr6pc/barcelona_2_3_villarreal_tajon_buchanan_80/mt00e0l/,1747595258
Yes. PSoPxGApTWiTMotOPA (pee-sop-ex-gap-twit-mo-tou-pa) AKA *Post Shot or Pass expected Goals or Assists per Touch Within Two Meters of the Opponent's Penalty Area*. Coming soon with no explanation to the y-axis of a confusing graph near you.,analysis,,comment,https://old.reddit.com/r/soccer/comments/1k9rp43/rasmus_hojlunds_goal_yesterday_was_his_10th_shot/mph1awg/,1745843692
"You battered us (chelsea) if memory serves me right, battered liverpool, newcastle as well. Underperformed xg by like 10 iirc, lets not take the piss here. You was a good side last year",analysis,,comment,https://old.reddit.com/r/soccer/comments/1kn3ftk/man_utd_dyche_claims_hed_win_more_games_than/msfa5gf/,1747304074
"You just need to look at the amount of american posters with ridicolous takes, and obsessed with stats like xG. The same people who desperately want a superleague since they only care about big franchise teams.",analysis,,comment,https://old.reddit.com/r/soccer/comments/1kn23kl/mn_the_anger_of_the_ac_milan_fans_after_the_final/msffvkz/,1747306990
"You would have gotten back to the bundesliga ealier based on xG and xPoints. This time this dynamic works in your favour though, since this year you are currently expected to only be third right now",analysis,,comment,https://old.reddit.com/r/soccer/comments/1kjjp48/hamburg_vs_ulm_xgoals/ms1dyf7/,1747110372
??? You clearly don’t know how these fools at Chelsea work. Enrique made a presentation how how he wanted to improve the club and they still chose pochetino lol. Their metrics for recruitment is not one that would pick a washed up Mourinho,hot_take,"Borderline reaction/hot_take: broad unsupported judgment, so labeled hot_take.",comment,https://old.reddit.com/r/soccer/comments/1kpobtn/galatasaray_fans_mocking_mourinho_as_the/mszb92p/,1747587398
"""Foden is the most overrated player in world football"" Don't hold back, mate. Tell us how you really feel!",hot_take,"Borderline hot_take/analysis: evidence is thin or rhetorical, so labeled hot_take.",comment,https://old.reddit.com/r/soccer/comments/1kpgheq/daily_discussion/mt18t1z/,1747610048
"1 penalty and 1 tap-in and 1 decent goal should automatically qualify you for the MVP? Just the same can be said for his performance against Argentina where he was literally non-existent for 80+ min, genuinely the most overrated performance oat.",hot_take,"Borderline reaction/hot_take: broad unsupported judgment, so labeled hot_take.",comment,https://old.reddit.com/r/soccer/comments/1kmf07j/toni_kroos_el_clásicos_mvp_kylian_mbappé_no_one/msasqho/,1747241892
"A bit overrated maybe but I do think he's a really good keeper, his cross claiming and penalty saving is easily up there with the best in the world and he doesn't have any real weaknesses.",hot_take,"Borderline reaction/hot_take: broad unsupported judgment, so labeled hot_take.",comment,https://old.reddit.com/r/soccer/comments/1kof9kv/emi_martinez_waving_to_the_villa_park_crowd_with/msswous/,1747494130
"Again, Amad has 2 more g/a than Kulu who is supposedly your best player, in 8 less games. Amad is miles clear of Kulu. Kulu is crazy overrated cause he scores some aesthetically pleasing goals.",hot_take,"Borderline reaction/hot_take: broad unsupported judgment, so labeled hot_take.",comment,https://old.reddit.com/r/soccer/comments/1kmc5vp/the_overlap_gary_neville_when_you_look_at/ms9cu6v/,1747225979
"Agreed. I rate him, Id love to have him here, but he is overrated in terms of price-tag and current level. Feel like people dont fault him enough for his part of the Leipzig failure this season. He's definitely part of that.",hot_take,"Borderline hot_take/analysis: evidence is thin or rhetorical, so labeled hot_take.",comment,https://old.reddit.com/r/soccer/comments/1kovlby/borussia_dortmund_have_qualified_for_the_2526/mstv1ln/,1747505161
Alba was not overrated. One of the best overlapping fullbacks in the world but his mentality wasn't great.,hot_take,"Borderline hot_take/analysis: evidence is thin or rhetorical, so labeled hot_take.",comment,https://old.reddit.com/r/soccer/comments/1kltldd/kroos_on_el_clásico_even_after_the_20_i_had/ms7rg2e/,1747195575
Always thought Alba was an hugely overrated LB.,hot_take,,comment,https://old.reddit.com/r/soccer/comments/1kltldd/kroos_on_el_clásico_even_after_the_20_i_had/ms7qczz/,1747195134
And to think people were calling him washed and a complete joke of a signing at the beginning of the season for having a slow start and a couple games with a few offsides lol,hot_take,"Borderline reaction/hot_take: broad unsupported judgment, so labeled hot_take.",comment,https://old.reddit.com/r/soccer/comments/1kpr1xp/sevilla_0_1_real_madrid_kylian_mbappe_75/mszwo48/,1747594068
"Because Pep is in love with Bernardo Silva, a washed player that shouldve been sold",hot_take,"Borderline hot_take/analysis: evidence is thin or rhetorical, so labeled hot_take.",comment,https://old.reddit.com/r/soccer/comments/1koqb7h/daily_discussion/msurrut/,1747516086
"Called it … that Pep formation is so stupid Pep is such a washed coach , if it wasn’t for Messi and the millions he’d be Xavi 0.1",hot_take,"Borderline hot_take/analysis: evidence is thin or rhetorical, so labeled hot_take.",comment,https://old.reddit.com/r/soccer/comments/1kovbqa/match_thread_crystal_palace_vs_manchester_city_fa/mst5io0/,1747496985
Crazy how city managed to have the two most overrated players in history (Haaland and Foden) at the same time,hot_take,"Borderline reaction/hot_take: broad unsupported judgment, so labeled hot_take.",comment,https://old.reddit.com/r/soccer/comments/1kovbqa/match_thread_crystal_palace_vs_manchester_city_fa/mstkpkg/,1747501897
"Crazy how everyone in r/soccer thinks he is the worst keeper in the prem and hugely overrated, then Villa fans and Argentinians who actually see him play week in week out love him and considering one if not the best keeper in the club's history",hot_take,"Borderline reaction/hot_take: broad unsupported judgment, so labeled hot_take.",comment,https://old.reddit.com/r/soccer/comments/1koebo5/gastón_edul_emiliano_martinezs_time_in_aston/msqjsy4/,1747451521
Crazy≠Idiot. That was his lifestyle probably football became boring to him. But Jordi Alba was just weak and got overrated by being a sidekick of Messi.,hot_take,"Borderline reaction/hot_take: broad unsupported judgment, so labeled hot_take.",comment,https://old.reddit.com/r/soccer/comments/1kltldd/kroos_on_el_clásico_even_after_the_20_i_had/ms8pwpw/,1747215080
"Depends on the summer and who’s brought in. If it’s the washed up has beens or cheap freebies, potentially if Potter continues to not close out games with actual execution. Allegedly there is no money so we really need a big sale likely from Kudus if Saudi teams can come sniffing",hot_take,,comment,https://old.reddit.com/r/soccer/comments/1kpmmr2/post_match_thread_west_ham_united_12_nottingham/msywz26/,1747582843
Desperately hoping Mazraoui gets benched for the final. What an overrated player.,hot_take,,comment,https://old.reddit.com/r/soccer/comments/1kobg4c/chelsea_10_manchester_utd_marc_cucurella_71/msoupbj/,1747428547
"Guardiola going down the same washed path as Ancelotti and Mourinho. Man has looked bereft of ideas and stubborn as hell all season. Honestly think he needs a break, cus I don't see City challenging next season",hot_take,,comment,https://old.reddit.com/r/soccer/comments/1koqb7h/daily_discussion/mstq26u/,1747503579
He is actually washed like Carlo. City won't move on though because Pep is bigger than City and they don't know what being a top tier team without Pep is like.,hot_take,"Borderline hot_take/analysis: evidence is thin or rhetorical, so labeled hot_take.",comment,https://old.reddit.com/r/soccer/comments/1koqb7h/daily_discussion/mstp0b0/,1747503254
"He is so unbelievably washed. I watched him for 37 games this year, he was looking okay early on, but he has been hot, steaming pile of shite since January. God knows how he has 10 assists, I'd bet my arm that he is faaaaaar overperforming his xA.",hot_take,"Borderline hot_take/analysis: evidence is thin or rhetorical, so labeled hot_take.",comment,https://old.reddit.com/r/soccer/comments/1kpu8ff/post_match_thread_parma_00_napoli_italian_serie_a/mt3g0yt/,1747647750
He was a hothead and somewhat of an idiot but to say that he's hugely overrated is plain and simple dumb. He was the best/second best LB in the world for a long period of time alongside Marcelo,hot_take,,comment,https://old.reddit.com/r/soccer/comments/1kltldd/kroos_on_el_clásico_even_after_the_20_i_had/ms80yby/,1747200043
"He’s so overrated, literally scores the same goal every time.",hot_take,,comment,https://old.reddit.com/r/soccer/comments/1kppm9b/barcelona_1_1_villarreal_lamine_yamal_38/mszjxvl/,1747590057
his contributions that season are vastly overrated. He played well until November and had like two good performances for the rest of the season,hot_take,,comment,https://old.reddit.com/r/soccer/comments/1kmr4wk/fabrizio_romano_sérgio_conceiçãos_chapter_at_ac/mscs2xm/,1747263314
His just washed There's a reason Barcelona happily let him go back,hot_take,,comment,https://old.reddit.com/r/soccer/comments/1kovbqa/match_thread_crystal_palace_vs_manchester_city_fa/mstkkeu/,1747501852
How are you saying UCL is overrated? It’s literally the biggest cup in club competitions.,hot_take,,comment,https://old.reddit.com/r/soccer/comments/1kppae7/ballon_dor_rankings_2025_according_to_betting_odds/mszjsws/,1747590015
I feel like theres a slight disconnect about how good this spurs team is but id like to say they are shit. Injuries no injuries they are shit as fuck the quality isnt there and their back 4 is overrated as fuck.,hot_take,"Borderline hot_take/analysis: evidence is thin or rhetorical, so labeled hot_take.",comment,https://old.reddit.com/r/soccer/comments/1koqb7h/daily_discussion/mss2ssk/,1747482578
"I remember earlier this season , when Bruno got 2 red cards in a row , everyone said that he was washed and overrated. Such a class player , probably the best Portuguese player atm",hot_take,"Borderline reaction/hot_take: broad unsupported judgment, so labeled hot_take.",comment,https://old.reddit.com/r/soccer/comments/1kofvvj/squawka_moises_caicedo_is_the_only_player_to_win/msru8jy/,1747478036
I said 5 months ago Barca should accept Juve's offer for Araujo as he's incredibly overrated and injury prone. I got down voted like crazy and called an idiot.,hot_take,"Borderline hot_take/analysis: evidence is thin or rhetorical, so labeled hot_take.",comment,https://old.reddit.com/r/soccer/comments/1ko00sz/flick_insists_on_signing_tah_and_the_defender_is/msmbm1l/,1747401078
I think he’s a quality keeper who ends up performing at a with class level with country so that elevates his perception. I think he’s a bit overrated but nothing crazy,hot_take,"Borderline reaction/hot_take: broad unsupported judgment, so labeled hot_take.",comment,https://old.reddit.com/r/soccer/comments/1kof9kv/emi_martinez_waving_to_the_villa_park_crowd_with/msss6ss/,1747492637
"I think Xabi Alonso is a little bit overrated when it comes to his Liverpool legacy. [But his home debut against Norwich,](https://youtu.be/xA57Hlkl1ZI?si=dMrQxROUn0jnv633) was incredibly memorable for everyone there. It’s not the best performance I’ve ever seen necessarily but it’s the perfect distillation of that player. He was NEVER afforded that much time and space to get on the ball again in England.",hot_take,,comment,https://old.reddit.com/r/soccer/comments/1kpgheq/daily_discussion/msxu306/,1747568406
"I'll always maintain that he's the most overrated Liverpool legend of all time. Had two great seasons with us, the rest were anywhere from mediocre to poor and it's clear that he doesn't view us the same way that a lot of our supporters view him at this point. Think a lot of our supporters just remember 08/09 and the player he was at Madrid.",hot_take,,comment,https://old.reddit.com/r/soccer/comments/1kmggaj/fabrizio_romano_xabi_alonso_was_always_obsessed/ms9zxwx/,1747233589
I've been saying for years he might be the most overrated player ever. Just a poacher who piles on goals against mid to low table teams. Look how few goals he puts up against top teams. I feel like I'm taking crazy pills.,hot_take,"Borderline hot_take/analysis: evidence is thin or rhetorical, so labeled hot_take.",comment,https://old.reddit.com/r/soccer/comments/1koyr69/whoscored_erling_haaland_has_now_failed_to_score/msxlp02/,1747563798
Is Grealish really that washed that he cant even make it into a short socks 11 when he was the posterboy for it just a few years ago? Josep will pay for his sins one day,hot_take,,comment,https://old.reddit.com/r/soccer/comments/1kpgheq/daily_discussion/msxsq6f/,1747567721
Is he overrated af or just really badly used in that city side?,hot_take,,comment,https://old.reddit.com/r/soccer/comments/1koygl7/postmatch_thread_crystal_palace_10_manchester/mstux2g/,1747505122
"It’s a dumb question, that’s not really relevant. Vinicius is super overrated anyway. Your original message did not have the “now” caveat, and even with that caveat, Haaland is still clearly the better player. He’s had far better seasons than this one, and his team struggled greatly this year, and is season is still marginally more productive than Alvarez and Isak’s all time best season, with teams firing on all cylinders.",hot_take,,comment,https://old.reddit.com/r/soccer/comments/1kpqp92/alternate_angles_of_julián_alvarezs_stunning_long/mt41t0e/,1747658295
"Joan Garcia feels kind of overrated, I would've had that surely",hot_take,"Borderline hot_take/analysis: evidence is thin or rhetorical, so labeled hot_take.",comment,https://old.reddit.com/r/soccer/comments/1knh2wd/match_thread_espanyol_vs_barcelona_laliga/msii7yl/,1747341808
Kimmich is a good player but he is serioulsy overrated.,hot_take,,comment,https://old.reddit.com/r/soccer/comments/1knz2kf/daily_discussion/msn08r8/,1747408730
"lucky shirts are only washed after a defeat. during our good run when we went unbeaten for like 10 games in a row, it was starting to get quite bad. never smelled as fresh as last season though.",hot_take,,comment,https://old.reddit.com/r/soccer/comments/1kq71mp/daily_discussion/mt3kxp6/,1747650611
"Madrid PR is washed, Barca PR got Messi 2 bdors after 2020, Lamine is winning this one easy",hot_take,,comment,https://old.reddit.com/r/soccer/comments/1kq71mp/daily_discussion/mt3kbq2/,1747650268
Madrid PR is washed. Insane bottling for Vini or Bellingham not to win,hot_take,"Borderline reaction/hot_take: broad unsupported judgment, so labeled hot_take.",comment,https://old.reddit.com/r/soccer/comments/1koqb7h/daily_discussion/mstd53a/,1747499465
"Massively overrated player, always has been",hot_take,,comment,https://old.reddit.com/r/soccer/comments/1koqb7h/daily_discussion/mstljd3/,1747502162
"mate I've been saying this about foden for over 2/3 seasons now. I just don't rate him as much as I rate the other three I named one good full season didn't change my mind, and this season won't lesser my opinion either. I don't think he's an awful player, just severely overrated especially by the media",hot_take,,comment,https://old.reddit.com/r/soccer/comments/1koqb7h/daily_discussion/msthu9r/,1747500977
"Miami is 5th (a play off place) in MLS with a ton of season to go, and won a trophy as soon as he arrived in Miami. Messi isn’t prime Messi anymore but he’s not washed",hot_take,,comment,https://old.reddit.com/r/soccer/comments/1kpcs4n/official_alnassr_have_failed_to_qualify_for_next/msxurb8/,1747568737
Nah especially this season most upvoted comments on posts about him are about him being overrated because of the world cup,hot_take,"Borderline hot_take/analysis: evidence is thin or rhetorical, so labeled hot_take.",comment,https://old.reddit.com/r/soccer/comments/1koebo5/gastón_edul_emiliano_martinezs_time_in_aston/msqp1t6/,1747453881
No goal highlight post yet. R/Soccer is washed.,hot_take,,comment,https://old.reddit.com/r/soccer/comments/1kphda2/match_thread_everton_vs_southampton_english/msxrgnl/,1747567057
Once Atlético fans realise just how far below Oblak’s level Martinez is they would be begging for him back. Martinez is an average keeper with a good highlights reel. One of the most overrated players on the planet.,hot_take,,comment,https://old.reddit.com/r/soccer/comments/1kof9kv/emi_martinez_waving_to_the_villa_park_crowd_with/mss956f/,1747485441
One trick pony. Overrated. Will be gone by mid season next year for sure,hot_take,,comment,https://old.reddit.com/r/soccer/comments/1koiimi/optajoe_092_ruben_amorim_has_won_24_points_in_26/msrpyrd/,1747475401
"Overrated English players for overprice, yep.",hot_take,,comment,https://old.reddit.com/r/soccer/comments/1klvnxs/bild_excl_florian_wirtz_and_his_parents_were_in/ms5nz16/,1747169159
People always wanna blame the manager over the guy that score a single goal and can’t stay fit. Pep might be washed but Grealish is horrible,hot_take,,comment,https://old.reddit.com/r/soccer/comments/1koqb7h/daily_discussion/mswopwj/,1747543823
"Pep played Bernardo Silva today and no Bernardo Silva then, whenever Bilva hasnt played City has impressed me but my god is Silva washed",hot_take,,comment,https://old.reddit.com/r/soccer/comments/1kp42vm/glasner_said_this_when_palace_lost_52_to_city/msuy427/,1747518282
"Reigning PFA player of the year and local lad Foden comes off the bench to help save the game for City and puts in another nothing performance Most overrated, overhyped and over protected player of his generation",hot_take,,comment,https://old.reddit.com/r/soccer/comments/1koygl7/postmatch_thread_crystal_palace_10_manchester/mstr4vf/,1747503912
Send him to real Madrid he's washed,hot_take,,comment,https://old.reddit.com/r/soccer/comments/1koyr69/whoscored_erling_haaland_has_now_failed_to_score/msvjicu/,1747526034
Since this is Bernardo's last relevant match at City these are the best Portuguese players i've ever seen Cristiano > Pepe > Bernardo > Figo(overrated Beckham was better),hot_take,"Borderline hot_take/analysis: evidence is thin or rhetorical, so labeled hot_take.",comment,https://old.reddit.com/r/soccer/comments/1koqb7h/daily_discussion/mstaexr/,1747498569
"Since when did /u/Xehanz speak on behalf of ""everyone on /r/soccer"" The gk who won the golden glove at the wc, the wc itself is overrated? I still remember in a game against us where he won villa 3 points.",hot_take,"Borderline hot_take/analysis: evidence is thin or rhetorical, so labeled hot_take.",comment,https://old.reddit.com/r/soccer/comments/1koebo5/gastón_edul_emiliano_martinezs_time_in_aston/mssaij5/,1747486016
"Social media just feeds hyperbolic nonsense, tomorrow they can get an injury or play 2 matches poorly and they were never good and ""overrated"". Its a toxic over the top environment that just makes talking about players and football or anything rationally or with nuance way harder.",hot_take,"Borderline hot_take/analysis: evidence is thin or rhetorical, so labeled hot_take.",comment,https://old.reddit.com/r/soccer/comments/1knphjn/barcelona_players_lift_up_pedri_after_winning_la/msny807/,1747418626
Swedish flag so the song gets overrated It's like English player tax,hot_take,,comment,https://old.reddit.com/r/soccer/comments/1kp0iy4/match_thread_eurovision_song_contest_final/msus5yz/,1747516222
Talent ID is overrated. Club structure for talent development matters so much more. Leny Yoro wouldn’t have been starting at Madrid. Hopefully he works out at United before they run him into the ground,hot_take,,comment,https://old.reddit.com/r/soccer/comments/1kpgheq/daily_discussion/mt2y3p9/,1747636469
"That was why I thought Jordi Alba was overrated. Football is a game mixed of Physicality, Skills, Intelligence and Mentality. How can players with fragile mentality like Araujo and Alba be considered as top guns in this game?",hot_take,,comment,https://old.reddit.com/r/soccer/comments/1kltldd/kroos_on_el_clásico_even_after_the_20_i_had/ms8d5cz/,1747207006
"The “Mbappe’s gonna be completely washed by 30” gimmick is so cringe, I think I’ve seen the lad full sprint maybe five games this season, and four of them were against Barca lmao.",hot_take,"Borderline reaction/hot_take: broad unsupported judgment, so labeled hot_take.",comment,https://old.reddit.com/r/soccer/comments/1kpgheq/daily_discussion/mszzxa9/,1747595110
"They didn't pay him as a 'player with that profile', they paid him as a 'player they wished he developed into that profile', which could or couldn't happen. Harry Kane, an actual top striker, was paid Little much more than that the same summer. This is what I'm pointing out, potential is wildly overrated in modern football transfers.",hot_take,"Borderline reaction/hot_take: broad unsupported judgment, so labeled hot_take.",comment,https://old.reddit.com/r/soccer/comments/1kod9vs/roy_keanehojlund_looks_like_he_just_came_out_of/mss0zli/,1747481692
"This is a dumb argument. If I even pull up on example of the contrary (which there are plenty), you are proven wrong. There are thousands of comments stating that Messi is overrated, you don't think that there are people that think that Emi is a bad keeper?",hot_take,,comment,https://old.reddit.com/r/soccer/comments/1koebo5/gastón_edul_emiliano_martinezs_time_in_aston/msrixor/,1747470807
To be fair another video on the front of r/soccer is of Martinez crying and waving to the villa fans and there all the comments are about how overrated he is,hot_take,"Borderline reaction/hot_take: broad unsupported judgment, so labeled hot_take.",comment,https://old.reddit.com/r/soccer/comments/1koebo5/gastón_edul_emiliano_martinezs_time_in_aston/msqy6ot/,1747458431
"Varane is one of the most overrated defenders of his generation, what a weird example to use.",hot_take,,comment,https://old.reddit.com/r/soccer/comments/1kn7mbg/daily_discussion/msgykt3/,1747325541
We can't even lose 1-0 without me coming into r/soccer and seeing a highly upvoted post celebrating how many goals and assists Bruno has this season. Give me a break. Overrated,hot_take,,comment,https://old.reddit.com/r/soccer/comments/1knz2kf/daily_discussion/msphrdt/,1747436891
"Well that goes without saying, also Benitez is the worst managet his club has had this century, man had no credentials to coach this club and the layers rightfully turned on him. Most overrated Spanish manager this century and second worst CL winning manager behind Di Matteo.",hot_take,,comment,https://old.reddit.com/r/soccer/comments/1koqb7h/daily_discussion/mst4wpi/,1747496792
Where do City keep spawning broccoli headed overrated fullbacks from?,hot_take,"Borderline hot_take/analysis: evidence is thin or rhetorical, so labeled hot_take.",comment,https://old.reddit.com/r/soccer/comments/1kovbqa/match_thread_crystal_palace_vs_manchester_city_fa/mstii0h/,1747501189
"Who needs midfielders, I always thought they were overrated",hot_take,"Borderline hot_take/analysis: evidence is thin or rhetorical, so labeled hot_take.",comment,https://old.reddit.com/r/soccer/comments/1koqb7h/daily_discussion/mssu94q/,1747493327
"Yeah I'm not surprised people are overreacting - I was, too, and I might still be. Like I said, gut feeling that's a straight red, but then if you dig down into the rules a bit the picture becomes a lot more washed-out gray.",hot_take,"Borderline hot_take/analysis: evidence is thin or rhetorical, so labeled hot_take.",comment,https://old.reddit.com/r/soccer/comments/1koqb7h/daily_discussion/msv4h86/,1747520567
"You can be overrated and still be a good keeper. Martinez is winning awards for best goalkeeper in the world, when there’s multiple goalkeepers who are better than him. That’s the definition of overrated.",hot_take,,comment,https://old.reddit.com/r/soccer/comments/1koebo5/gastón_edul_emiliano_martinezs_time_in_aston/msrkn6r/,1747471919
"You know, I’ve seen a lot of older folks say Zidane is vastly overrated because he wasn’t actually that consistent of a player. He did have great highlights.",hot_take,"Borderline hot_take/analysis: evidence is thin or rhetorical, so labeled hot_take.",comment,https://old.reddit.com/r/soccer/comments/1koqmfx/kylian_mbappé_giving_advice_to_endrick_who_missed/mssx9uu/,1747494327
Zidane was a great player but his legend has got ridiculous. He is definitely overrated nowadays,hot_take,,comment,https://old.reddit.com/r/soccer/comments/1koqmfx/kylian_mbappé_giving_advice_to_endrick_who_missed/mstm8nu/,1747502386
"> but sets a precedent of doing it more and more that clubs obviously don’t want. Wow what a dangerous precedent, clubs losing their players would save some money!",reaction,,comment,https://old.reddit.com/r/soccer/comments/1kmfxf1/daily_discussion/msakm99/,1747239560
"20 minutes, 2 goals, 2 unbelievable finishes. Inter delivering fair play.",reaction,Borderline reaction/analysis: mentions soccer context but does not build an argument.,comment,https://old.reddit.com/r/soccer/comments/1kbo2bd/match_thread_barcelona_vs_inter_milan_uefa/mpw53ya/,1746040985
3 goals in 5 minutes on extra time. Comeback in a European quarter final. Lord Maguire scores the final goal. Absolute scenes.,reaction,Borderline reaction/analysis: mentions soccer context but does not build an argument.,comment,https://old.reddit.com/r/soccer/comments/1k1ogdk/manchester_utd_5_4_lyon_h_maguire_1201/mno5v3k/,1744931405
"A double toch penalty to lose it, absolute scenes",reaction,,comment,https://old.reddit.com/r/soccer/comments/1j9x2ml/atletico_madrid_vs_real_madrid_penalty_shootout/mhgvh1d/,1741819474
Absolute scenes if Ange wins trophy when all Tottenham fans hate him and call him worst coach in league,reaction,"Borderline reaction/hot_take: immediate emotional response, so labeled reaction.",comment,https://old.reddit.com/r/soccer/comments/1k1npa8/squawka_tottenham_have_reached_the_semifinals_of/mnnjfmi/,1744924070
Absolute scenes if Tottenham win this game. It’s not going to happen but if they bottled the league from here it would be the biggest bottle in history,reaction,"Borderline reaction/hot_take: immediate emotional response, so labeled reaction.",comment,https://old.reddit.com/r/soccer/comments/1k96vyz/liverpool_0_1_tottenham_dominic_solanke_12/mpbtwl4/,1745768566
Absolute scenes if United end up in CL and City in EL,reaction,,comment,https://old.reddit.com/r/soccer/comments/1koyfyl/official_crystal_palace_have_won_the_fa_cup_and/mstp5ok/,1747503300
Absolute scenes in here and in here is my couch and the scenes are me slapping the shit out of the cushions Fun game tho,reaction,,comment,https://old.reddit.com/r/soccer/comments/1k1kibc/match_thread_eintracht_frankfurt_vs_tottenham/mnn6c4e/,1744920200
Absolute scenes on that goal going in,reaction,,comment,https://old.reddit.com/r/soccer/comments/1kly64r/postmatch_thread_sunderland_11_coventry_city_32/ms5y00s/,1747172229
Absolute scenes when Arsenal get their goal disallowed and a player sent off in the quarters 🤣🤣,reaction,,comment,https://old.reddit.com/r/soccer/comments/1j9yvq5/alternate_zoom_angle_with_slow_motion_for_julian/mhhuzcb/,1741830952
Absolute scenes when he comes to United citing that he loves the Amorim project and says he wants to see the shear magnitude of Harry Maguire's slabhead in the flesh.,reaction,,comment,https://old.reddit.com/r/soccer/comments/1k3sgxg/trent_alexanderarnold_on_special_moments_left/mo6v4ms/,1745200899
Absolute scenes when he comes to United citing that he loves the Amorim project and says he wants to see the true magnitude of Harry Maguire's slabhead in the flesh.,reaction,,comment,https://old.reddit.com/r/soccer/comments/1k3sgxg/trent_alexanderarnold_on_special_moments_left/mo6v4ms/,1745200899
Absolute scenes when the manager 2 goals up is making attacking changes and you’re not Embarrassing,reaction,"Borderline reaction/hot_take: immediate emotional response, so labeled reaction.",comment,https://old.reddit.com/r/soccer/comments/1kh4sta/match_thread_psg_vs_arsenal_uefa_champions_league/mr4rln9/,1746650879
Absolute scenes when Tierney comes in at 85' as a winger and scores a screamer.,reaction,Borderline reaction/analysis: mentions soccer context but does not build an argument.,comment,https://old.reddit.com/r/soccer/comments/1jukjwe/optajose_8_real_madrid_havent_lost_the_first_leg/mm2tjj0/,1744137083
Absolute scenes when Xabi gets fired 2 months into the season,reaction,,comment,https://old.reddit.com/r/soccer/comments/1kk5pz1/daily_discussion/mrs3jok/,1746984691
Ain't no way we secured CL before Arsenal this season...,reaction,,comment,https://old.reddit.com/r/soccer/comments/1kppe7o/arsenal_have_qualified_for_the_202526_champions/mszj0j8/,1747589777
Ajax are definitely a big club But in no way are Ajax a bigger club than Man United,reaction,,comment,https://old.reddit.com/r/soccer/comments/1kpmvfo/wout_weghorst_punches_away_the_camera_after_ajax/mszr19i/,1747592259
"Amazing tonight, what a finish this is to a great season.",reaction,,comment,https://old.reddit.com/r/soccer/comments/1kpu7ss/serie_a_standings_with_one_game_left/mt0mv1n/,1747602462
"Another embarrassing performance, another goal conceded the first minutes of the half time. I can’t wait for another manager this is unbelievable",reaction,"Borderline reaction/hot_take: immediate emotional response, so labeled reaction.",comment,https://old.reddit.com/r/soccer/comments/1kjdega/match_thread_lazio_vs_juventus_serie_a/mrmenaw/,1746899423
"Cracking match, with some unbelievable goals and zero officiating controversies",reaction,,comment,https://old.reddit.com/r/soccer/comments/1kbr479/postmatch_thread_barcelona_33_inter_milan_uefa/mpwo3wu/,1746046496
Dusan and Nico goal? What alternate universe is this?!,reaction,,comment,https://old.reddit.com/r/soccer/comments/1kprdje/match_thread_juventus_vs_udinese_italian_serie_a/mt0hp1v/,1747600836
FML. No way Napoli bottles against Cagliari at home,reaction,"Borderline reaction/hot_take: immediate emotional response, so labeled reaction.",comment,https://old.reddit.com/r/soccer/comments/1kpu7ss/serie_a_standings_with_one_game_left/mt0knlc/,1747601761
"For a while I was just hoping for some a chance at any place in Europe and somehow, someway, they get back to the Champions League. What a finish!",reaction,,comment,https://old.reddit.com/r/soccer/comments/1kovlby/borussia_dortmund_have_qualified_for_the_2526/mst1d0l/,1747495652
"Give me the Feyenoord - Arsenal draw, absolute scenes when Van Persie guides us through to the quarter finals at the Emirates.",reaction,,comment,https://old.reddit.com/r/soccer/comments/1itiyun/champions_league_bracket_ahead_of_fridays_draw/mdpaqwv/,1740005257
GK literally stood around calling for a nonexistent offside instead of trying to save the shot. FFS. What an idiot.,reaction,Borderline reaction/analysis: mentions soccer context but does not build an argument.,comment,https://old.reddit.com/r/soccer/comments/1knedri/rayo_vallecano_1_0_betis_jorge_de_frutos_38/mshi0ki/,1747331161
GK literally stood around calling off offside instead of trying to save the shot. FFS. What an idiot.,reaction,Borderline reaction/analysis: mentions soccer context but does not build an argument.,comment,https://old.reddit.com/r/soccer/comments/1knd3ie/match_thread_rayo_vallecano_vs_real_betis_laliga/mshh0ku/,1747330879
Great run by the team. That penalty save by Henderson also made all the difference. I wonder what would have happened assuming Marmoush had scored that penalty.,reaction,,comment,https://old.reddit.com/r/soccer/comments/1kpfhl8/crystal_palace_conceded_1_goal_in_the_fa_cup_all/msy46i5/,1747572948
"Hahahaaha unbelievable, plus the clear foul on Lamine on the 2nd goal",reaction,,comment,https://old.reddit.com/r/soccer/comments/1kk2wnv/no_red_given_for_last_man_foul_on_barcelona/mrrax92/,1746975602
has Maguire been a striker this entire time? Offside but like my word what a finish.,reaction,,comment,https://old.reddit.com/r/soccer/comments/1ko8vth/match_thread_chelsea_vs_manchester_united_premier/msoflvv/,1747423937
He had 1 goal in 83 appearances in Eredivisie and had never scored in Europe. Absolute scenes,reaction,,comment,https://old.reddit.com/r/soccer/comments/1jan4og/tottenham_hotspur_2_1_az_alkmaar_peer_koopmeiners/mhmznws/,1741901069
I also thought there was no way they'd bottle away at Parma yet here we are. They barely shot on goal.,reaction,"Borderline reaction/hot_take: immediate emotional response, so labeled reaction.",comment,https://old.reddit.com/r/soccer/comments/1kpu7ss/serie_a_standings_with_one_game_left/mt0l7b2/,1747601934
I believe Mamardashvili accepted moving to Liverpool under assumption that he will be Alisson's backup for at least couple of years. No way Alisson will be benched for any keeper.,reaction,,comment,https://old.reddit.com/r/soccer/comments/1kpy7gd/giorgi_mamardashvili_24_says_goodbye_to_valencia/mt23ott/,1747621537
"I wonder what Pep was telling him at the end! His saves were outstanding, what a performance, Man Of The Match.",reaction,,comment,https://old.reddit.com/r/soccer/comments/1koz172/dean_henderson_i_lost_my_dad_at_the_start_of_the/mstvv1z/,1747505430
Imagine the scenes if the ref spared him the red card and Dele Alli scores an absolute banger the the following attack,reaction,,comment,https://old.reddit.com/r/soccer/comments/1jc2fh2/dele_alli_como_straight_red_card_against_milan_90/mi0mm8b/,1742087989
"it was settled already. Mbappe woudl 100% play the next game, and Lewa had to score 3 goals playing like that. Either we were given three pens or there was no way",reaction,,comment,https://old.reddit.com/r/soccer/comments/1kpoprz/match_thread_barcelona_vs_villarreal_laliga/mszw7r0/,1747593922
Juventus could probably pay his wages with Vlahovic on the way out but there is no way De Laurentis is selling Osimhen to Juventus,reaction,Borderline reaction/analysis: mentions soccer context but does not build an argument.,comment,https://old.reddit.com/r/soccer/comments/1kpmcvh/galatasaray_fans_stay_with_us_osimhen/msz6oba/,1747585945
"Looks offside (speaking hopefully) But regardless what a cross and finish, can’t be mad at the defending there",reaction,,comment,https://old.reddit.com/r/soccer/comments/1ko9mlv/chelsea_0_1_manchester_united_harry_maguire_16/msofilg/,1747423909
my god what a goal!! Whoever uploads the highlight better put the whole string of a gazillion passes together.,reaction,Borderline reaction/analysis: mentions soccer context but does not build an argument.,comment,https://old.reddit.com/r/soccer/comments/1kppbp5/match_thread_atlético_madrid_vs_real_betis_laliga/msztmdz/,1747593088
"Never in my life have I cheered against a foreign club this much. I screamed a goal from barca that wasnt from Messi! Unbelievable levels of hatewatching, enjoyed every second",reaction,,comment,https://old.reddit.com/r/soccer/comments/1k8pbpm/fc_barcelona_are_the_20242025_copa_del_rey/mp82s8c/,1745708120
No idea why he went down in the box. Hooper hadn't been giving those fouls all game there was no way he was giving a penalty for that.,reaction,,comment,https://old.reddit.com/r/soccer/comments/1kppelf/post_match_thread_arsenal_10_newcastle_united/mszkyvd/,1747590371
No way he would move if he didn't get guaranteed 4+1 years contract.,reaction,Borderline reaction/analysis: mentions soccer context but does not build an argument.,comment,https://old.reddit.com/r/soccer/comments/1kpq8tq/radio_marca_xabi_alonso_has_asked_real_madrid_to/mszv7j4/,1747593598
"No way we let Zirkzee go, he was our best player behind Bruno before his injury",reaction,Borderline reaction/analysis: mentions soccer context but does not build an argument.,comment,https://old.reddit.com/r/soccer/comments/1kq8nvw/romano_manchester_united_are_now_closing_in_on/mt3ov2e/,1747652642
"no? people were having hundreds of upvotes saying that there's no way an out of form arsenal beat an in form newcastle, some even saying arsenal might even lose on european football",reaction,,comment,https://old.reddit.com/r/soccer/comments/1kppe5o/arsenal_have_qualified_for_the_202526_champions/mszm89c/,1747590759
One goal causing absolute scenes in two stadiums. Vaessen is a madman too,reaction,,comment,https://old.reddit.com/r/soccer/comments/1kmozhm/groningen_22_ajax_thijmen_blokzijl_909/msbvdnc/,1747253015
"Only 15 goals conceded, the lowest of any team in the league. Unbelievable.",reaction,,comment,https://old.reddit.com/r/soccer/comments/1kfpeh6/as_roma_performance_since_claudio_ranieri_took/mquoro1/,1746519901
"Show this to every twat who asks why teams play out from the back Doing that in a FA Cup Final v City takes balls, what a goal",reaction,,comment,https://old.reddit.com/r/soccer/comments/1kow2v8/crystal_palace_1_0_manchester_city_eberechi_eze_16/msvdgu3/,1747523832
"Since tchou doesn't get it, why is this red? Mbappe is nowhere near the ball and no way getting there before the keeper. Plus it's a soft fall",reaction,Borderline reaction/analysis: mentions soccer context but does not build an argument.,comment,https://old.reddit.com/r/soccer/comments/1kpp1p2/loic_bade_straight_red_card_against_real_madrid_12/mszioef/,1747589673
"That goal away to Bayern in the CL always sticks with me, Mané was absolutely unbelievable at times",reaction,,comment,https://old.reddit.com/r/soccer/comments/1kj5ujl/salah_yes_there_was_tension_with_sadio_mind_you/mrkdian/,1746871518
That penalty save was exactly what he needed. Now he’s fired up,reaction,,comment,https://old.reddit.com/r/soccer/comments/1kowc0n/dean_henderson_handball_outside_his_box_24/mstfdta/,1747500194
That was in no way a fucking elbow give me a break.,reaction,,comment,https://old.reddit.com/r/soccer/comments/1kppelf/post_match_thread_arsenal_10_newcastle_united/mszi2zn/,1747589491
That would've been a fucking unbelievable goal,reaction,,comment,https://old.reddit.com/r/soccer/comments/1kphda2/match_thread_everton_vs_southampton_english/msxtiqm/,1747568122
The behind the ball angle is amazing. What a \[GREAT GOAL\],reaction,,comment,https://old.reddit.com/r/soccer/comments/1kpozqe/atletico_madrid_1_0_real_betis_julian_alvarez_10/mszezwo/,1747588551
The keeper who shouldn’t be on saves the penalty that shouldn’t have been called. What a script,reaction,,comment,https://old.reddit.com/r/soccer/comments/1kovbqa/match_thread_crystal_palace_vs_manchester_city_fa/mst8x4w/,1747498084
The meme final. No game will be more memed in history. If Spurs win no team will be more memed than arsenal in history. It has the making of absolute scenes.,reaction,,comment,https://old.reddit.com/r/soccer/comments/1ki0e3g/manchester_utd_1_1_athletic_bilbao_mason_mount_72/mrb5owc/,1746736925
three goals the 90+ 😭 absolute scenes,reaction,,comment,https://old.reddit.com/r/soccer/comments/1iu7brv/bodøglimt_21_twente_33_on_agg_mees_hilgres_og_902/mduwtdn/,1740080612
Unbelievable goal. Cool moment with the photo too tbf,reaction,,comment,https://old.reddit.com/r/soccer/comments/1k98ju6/liverpool_4_1_tottenham_mohamed_salah_63/mpc7z16/,1745772930
We don't deserve this match. Absolute scenes,reaction,,comment,https://old.reddit.com/r/soccer/comments/1kgc8rf/match_thread_inter_milan_vs_barcelona_uefa/mqyapgz/,1746564829
"We’re not getting Eze for less man, no way. He has less incentive to leave playing Europa next year, whats stopping the guy from being the next zaha",reaction,,comment,https://old.reddit.com/r/soccer/comments/1kq8nvw/romano_manchester_united_are_now_closing_in_on/mt3p026/,1747652709
What a finish to both the games. The last matchday promises to be exciting and nerve wrecking for both the teams and supporters.,reaction,,comment,https://old.reddit.com/r/soccer/comments/1kpu7ss/serie_a_standings_with_one_game_left/mt0lkuc/,1747602053
"What a fucking goal by Lamine lol. Fucking superstar at 17, unbelievable",reaction,,comment,https://old.reddit.com/r/soccer/comments/1kboeky/c_ronaldos_reaction_at_full_time_after_al_nassr/mpw6vy9/,1746041496
"What a game for him, getting a with handling it outside the box then a penalty save. Henderson is was not familiar with your game lol",reaction,,comment,https://old.reddit.com/r/soccer/comments/1kowjq9/dean_henderson_penalty_save_against_manchester/mst90qq/,1747498114
What a goal! Some nice quick passes.,reaction,Borderline reaction/analysis: mentions soccer context but does not build an argument.,comment,https://old.reddit.com/r/soccer/comments/1kpl688/brentford_1_1_fulham_bryan_mbeumo_22/msyj6wd/,1747578411
"What a goal. Also, he's looking real jacked too.",reaction,,comment,https://old.reddit.com/r/soccer/comments/1kp0e45/sporting_20_vitoria_guimaraes_viktor_gyokeres_83/msu4wb9/,1747508474
What a goal. Is there a Puskas for U15s?,reaction,,comment,https://old.reddit.com/r/soccer/comments/1kpnmcw/croatia_u15_1_2_portugal_u15_cristiano_ronaldo_jr/msz4606/,1747585140
What a moment to score his first Eredivisie goal!,reaction,,comment,https://old.reddit.com/r/soccer/comments/1kpipd7/match_thread_ajax_amsterdam_vs_fc_twente_dutch/msy4ywc/,1747573265
WHAT A SAVE FROM MY KEEPER WHO SHOULD DEFINITELY BE ON THE PITCH,reaction,,comment,https://old.reddit.com/r/soccer/comments/1kovbqa/match_thread_crystal_palace_vs_manchester_city_fa/mst8whb/,1747498078
What a victory! What a save Henderson in penalty! Henderson made it so easy for Crystal Palace!,reaction,,comment,https://old.reddit.com/r/soccer/comments/1koygt7/crystal_palace_wins_the_2025_fa_cup/mstotbk/,1747503195
What the fuck. It's insane he even went for goal there and to do it like he did...,reaction,,comment,https://old.reddit.com/r/soccer/comments/1kpozqe/atletico_madrid_1_0_real_betis_julian_alvarez_10/mszex1j/,1747588528
Where was he in the Inter legs? I am not a pedri hater no way but where was he in the most demanding game of our season,reaction,,comment,https://old.reddit.com/r/soccer/comments/1kppm9b/barcelona_1_1_villarreal_lamine_yamal_38/mszpofi/,1747591831
Which I found incredibly funny and ironic given that when they lost won the league they did it with an amazing defensive record. What was it? Only 15 goals conceded?,reaction,,comment,https://old.reddit.com/r/soccer/comments/1kpoprz/match_thread_barcelona_vs_villarreal_laliga/mszoc0p/,1747591407
